{
  "Logistic Regression (liblinear)": {
    "accuracy": 0.9679667519181586,
    "precision": 0.9567506922502222,
    "recall": 0.9711884303813658,
    "f1_score": 0.9634444076772342,
    "roc_auc": 0.9931524549714743,
    "pr_auc": 0.9821624964681099,
    "training_time": 1.544633150100708
  },
  "Linear SVM": {
    "accuracy": 0.9698209718670077,
    "precision": 0.9608670037893783,
    "recall": 0.9702843856178465,
    "f1_score": 0.965361058300827,
    "roc_auc": 0.9936496407146974,
    "pr_auc": 0.9851635348617529,
    "training_time": 1.2760350704193115
  },
  "SGD (logistic loss)": {
    "accuracy": 0.9608056265984655,
    "precision": 0.9470069267269439,
    "recall": 0.9659655242071445,
    "f1_score": 0.9555253674405407,
    "roc_auc": 0.9912715996170435,
    "pr_auc": 0.9761131534092383,
    "training_time": 0.25351810455322266
  }
}