label,avg_len
0,37.82809917355372
1,37.845569620253166
